Workbook

Sheet Sprint Backlog
A1: Task Name | B1: Estimate time (hour) | C1: Take by | D1: Status | E1: Date Doing | F1: Note
A2: Finalize project scope and requirements | B2: 2 | C2: Nguyễn Mạnh Đăng | D2: Done
A3: Finalize domain glossary and business rules | B3: 1 | C3: Lê Thành Hòa | D3: Done
A4: Define user roles and permissions | B4: 1 | C4: Nghiêm Đặng Linh Chi | D4: Done
A5: Define system modules and architecture | B5: 2 | C5: Nguyễn Huỳnh Anh Trung | D5: Pending
A6: Initialize backend project and REST API structure | B6: 2 | C6: Nguyễn Mạnh Đăng | D6: Pending
A7: Design database structure | B7: 2 | C7: Lê Thành Hòa | D7: Pending
A8: Configure development Git workflow | B8: 2 | C8: Lê Thành Hòa | D8: Pending
A9: Define TestCafe testing structure | B9: 2 | C9: Nguyễn Huỳnh Anh Trung | D9: Pending
A10: Total | B10: =SUM(B2:B9) -> 14 | D10: Done task: | E10: =IF(B10=0,0,SUMIFS(B2:B9,D2:D9,"Done")/B10) -> 0.28571429

Sheet Dashboard
B2: PROJECT PROGRESS DASHBOARD
B3: Data automatically updates from the "Sprint Backlog" sheet (based on Status, Take by, Estimate time columns).
B5: TOTAL TASKS | D5: TASKS COMPLETED | F5: TOTAL HOURS | H5: COMPLETED WORK VOLUME | J5: % COMPLETED
B6: =COUNTIFS('Sprint Backlog'!$C$2:$C$918,"?*") -> 8 | D6: =COUNTIFS('Sprint Backlog'!$C$2:$C$918,"?*",'Sprint Backlog'!$D$2:$D$918,"Done") -> 3 | F6: =SUMIFS('Sprint Backlog'!$B$2:$B$918,'Sprint Backlog'!$C$2:$C$918,"?*") -> 14 | H6: =SUMIFS('Sprint Backlog'!$B$2:$B$918,'Sprint Backlog'!$C$2:$C$918,"?*",'Sprint Backlog'!$D$2:$D$918,"Done") -> 4 | J6: =IFERROR(H6/F6,0) -> 0.28571429
B7: ="tasks in sprint" -> tasks in sprint | D7: =IFERROR(TEXT(D6/B6,"0.0%"),"0%")&" of total tasks" -> 37.5% of total tasks | F7: ="hours (Estimate time)" -> hours (Estimate time) | H7: ="estimated hours of Done tasks" -> estimated hours of Done tasks | J7: ="calculated in hours" -> calculated in hours
B9: ="Overall Progress: "&TEXT(J6,"0.0%")&" "&REPT("█",ROUND(J6*40,0))&REPT("░",40-ROUND(J6*40,0)) -> Overall Progress: 28.6% ███████████░░░░░░░░░░░░░░░░░░░░░░░░░░░░░
B11: 1. Progress by Member
B12: Member | C12: Number of Tasks | D12: Done | E12: Doing | F12: Pending | G12: Fail | H12: Total Volume (hours) | I12: Completed (hours) | J12: % Completion | K12: Progress
B13: Nguyễn Mạnh Đăng | C13: =COUNTIFS('Sprint Backlog'!$C$2:$C$918,$B13) -> 2 | D13: =COUNTIFS('Sprint Backlog'!$C$2:$C$918,$B13,'Sprint Backlog'!$D$2:$D$918,D$12) -> 1 | E13: =COUNTIFS('Sprint Backlog'!$C$2:$C$918,$B13,'Sprint Backlog'!$D$2:$D$918,E$12) -> 0 | F13: =COUNTIFS('Sprint Backlog'!$C$2:$C$918,$B13,'Sprint Backlog'!$D$2:$D$918,F$12) -> 1 | G13: =COUNTIFS('Sprint Backlog'!$C$2:$C$918,$B13,'Sprint Backlog'!$D$2:$D$918,G$12) -> 0 | H13: =SUMIFS('Sprint Backlog'!$B$2:$B$918,'Sprint Backlog'!$C$2:$C$918,$B13) -> 4 | I13: =SUMIFS('Sprint Backlog'!$B$2:$B$918,'Sprint Backlog'!$C$2:$C$918,$B13,'Sprint Backlog'!$D$2:$D$918,"Done") -> 2 | J13: =IF(H13=0,0,I13/H13) -> 0.5 | K13: =REPT("█",ROUND(J13*20,0))&REPT("░",20-ROUND(J13*20,0)) -> ██████████░░░░░░░░░░
B14: Lê Thành Hòa | C14: =COUNTIFS('Sprint Backlog'!$C$2:$C$918,$B14) -> 3 | D14: =COUNTIFS('Sprint Backlog'!$C$2:$C$918,$B14,'Sprint Backlog'!$D$2:$D$918,D$12) -> 1 | E14: =COUNTIFS('Sprint Backlog'!$C$2:$C$918,$B14,'Sprint Backlog'!$D$2:$D$918,E$12) -> 0 | F14: =COUNTIFS('Sprint Backlog'!$C$2:$C$918,$B14,'Sprint Backlog'!$D$2:$D$918,F$12) -> 2 | G14: =COUNTIFS('Sprint Backlog'!$C$2:$C$918,$B14,'Sprint Backlog'!$D$2:$D$918,G$12) -> 0 | H14: =SUMIFS('Sprint Backlog'!$B$2:$B$918,'Sprint Backlog'!$C$2:$C$918,$B14) -> 5 | I14: =SUMIFS('Sprint Backlog'!$B$2:$B$918,'Sprint Backlog'!$C$2:$C$918,$B14,'Sprint Backlog'!$D$2:$D$918,"Done") -> 1 | J14: =IF(H14=0,0,I14/H14) -> 0.2 | K14: =REPT("█",ROUND(J14*20,0))&REPT("░",20-ROUND(J14*20,0)) -> ████░░░░░░░░░░░░░░░░
B15: Nghiêm Đặng Linh Chi | C15: =COUNTIFS('Sprint Backlog'!$C$2:$C$918,$B15) -> 1 | D15: =COUNTIFS('Sprint Backlog'!$C$2:$C$918,$B15,'Sprint Backlog'!$D$2:$D$918,D$12) -> 1 | E15: =COUNTIFS('Sprint Backlog'!$C$2:$C$918,$B15,'Sprint Backlog'!$D$2:$D$918,E$12) -> 0 | F15: =COUNTIFS('Sprint Backlog'!$C$2:$C$918,$B15,'Sprint Backlog'!$D$2:$D$918,F$12) -> 0 | G15: =COUNTIFS('Sprint Backlog'!$C$2:$C$918,$B15,'Sprint Backlog'!$D$2:$D$918,G$12) -> 0 | H15: =SUMIFS('Sprint Backlog'!$B$2:$B$918,'Sprint Backlog'!$C$2:$C$918,$B15) -> 1 | I15: =SUMIFS('Sprint Backlog'!$B$2:$B$918,'Sprint Backlog'!$C$2:$C$918,$B15,'Sprint Backlog'!$D$2:$D$918,"Done") -> 1 | J15: =IF(H15=0,0,I15/H15) -> 1 | K15: =REPT("█",ROUND(J15*20,0))&REPT("░",20-ROUND(J15*20,0)) -> ████████████████████
B16: Nguyễn Huỳnh Anh Trung | C16: =COUNTIFS('Sprint Backlog'!$C$2:$C$918,$B16) -> 2 | D16: =COUNTIFS('Sprint Backlog'!$C$2:$C$918,$B16,'Sprint Backlog'!$D$2:$D$918,D$12) -> 0 | E16: =COUNTIFS('Sprint Backlog'!$C$2:$C$918,$B16,'Sprint Backlog'!$D$2:$D$918,E$12) -> 0 | F16: =COUNTIFS('Sprint Backlog'!$C$2:$C$918,$B16,'Sprint Backlog'!$D$2:$D$918,F$12) -> 2 | G16: =COUNTIFS('Sprint Backlog'!$C$2:$C$918,$B16,'Sprint Backlog'!$D$2:$D$918,G$12) -> 0 | H16: =SUMIFS('Sprint Backlog'!$B$2:$B$918,'Sprint Backlog'!$C$2:$C$918,$B16) -> 4 | I16: =SUMIFS('Sprint Backlog'!$B$2:$B$918,'Sprint Backlog'!$C$2:$C$918,$B16,'Sprint Backlog'!$D$2:$D$918,"Done") -> 0 | J16: =IF(H16=0,0,I16/H16) -> 0 | K16: =REPT("█",ROUND(J16*20,0))&REPT("░",20-ROUND(J16*20,0)) -> ░░░░░░░░░░░░░░░░░░░░
B17: Total | C17: =SUM(C13:C16) -> 8 | D17: =SUM(D13:D16) -> 3 | E17: =SUM(E13:E16) -> 0 | F17: =SUM(F13:F16) -> 5 | G17: =SUM(G13:G16) -> 0 | H17: =SUM(H13:H16) -> 14 | I17: =SUM(I13:I16) -> 4 | J17: =IF(H17=0,0,I17/H17) -> 0.28571429 | K17: =REPT("█",ROUND(J17*20,0))&REPT("░",20-ROUND(J17*20,0)) -> ██████░░░░░░░░░░░░░░
B18: Note: Names in the "Member" column must exactly match the "Take by" column in Sprint Backlog. To add a member: insert a row in the middle of the table and drag down formulas.
B20: 2. Distribution by Status
B21: Status | C21: Number of Tasks | D21: % of Tasks | E21: Total Hours | F21: % Hours | H21: How to read: • Completed work volume = total estimated hours of tasks with Status = Done (not actual hours worked). • Valid statuses: Done, Doing, Pending, Fail (select from dropdown). • Tasks without a Status are categorized as "Not Updated".
B22: Done | C22: =COUNTIFS('Sprint Backlog'!$C$2:$C$918,"?*",'Sprint Backlog'!$D$2:$D$918,$B22) -> 3 | D22: =IF($B$6=0,0,C22/$B$6) -> 0.375 | E22: =SUMIFS('Sprint Backlog'!$B$2:$B$918,'Sprint Backlog'!$C$2:$C$918,"?*",'Sprint Backlog'!$D$2:$D$918,$B22) -> 4 | F22: =IF($F$6=0,0,E22/$F$6) -> 0.28571429
B23: Doing | C23: =COUNTIFS('Sprint Backlog'!$C$2:$C$918,"?*",'Sprint Backlog'!$D$2:$D$918,$B23) -> 0 | D23: =IF($B$6=0,0,C23/$B$6) -> 0 | E23: =SUMIFS('Sprint Backlog'!$B$2:$B$918,'Sprint Backlog'!$C$2:$C$918,"?*",'Sprint Backlog'!$D$2:$D$918,$B23) -> 0 | F23: =IF($F$6=0,0,E23/$F$6) -> 0
B24: Pending | C24: =COUNTIFS('Sprint Backlog'!$C$2:$C$918,"?*",'Sprint Backlog'!$D$2:$D$918,$B24) -> 5 | D24: =IF($B$6=0,0,C24/$B$6) -> 0.625 | E24: =SUMIFS('Sprint Backlog'!$B$2:$B$918,'Sprint Backlog'!$C$2:$C$918,"?*",'Sprint Backlog'!$D$2:$D$918,$B24) -> 10 | F24: =IF($F$6=0,0,E24/$F$6) -> 0.71428571
B25: Fail | C25: =COUNTIFS('Sprint Backlog'!$C$2:$C$918,"?*",'Sprint Backlog'!$D$2:$D$918,$B25) -> 0 | D25: =IF($B$6=0,0,C25/$B$6) -> 0 | E25: =SUMIFS('Sprint Backlog'!$B$2:$B$918,'Sprint Backlog'!$C$2:$C$918,"?*",'Sprint Backlog'!$D$2:$D$918,$B25) -> 0 | F25: =IF($F$6=0,0,E25/$F$6) -> 0
B26: Not Updated | C26: =$B$6-SUM(C22:C25) -> 0 | D26: =IF($B$6=0,0,C26/$B$6) -> 0 | E26: =$F$6-SUM(E22:E25) -> 0 | F26: =IF($F$6=0,0,E26/$F$6) -> 0
B27: Total | C27: =SUM(C22:C26) -> 8 | D27: =SUM(D22:D26) -> 1 | E27: =SUM(E22:E26) -> 14 | F27: =SUM(F22:F26) -> 1
B29: 3. Charts
